{
  "system_info": {
    "cpu_count": 6,
    "cpu_count_logical": 12,
    "cpu_freq": 3301.0,
    "total_memory_gb": 7.405792236328125,
    "available_memory_gb": 2.325634002685547,
    "python_version": "3.13.2 (tags/v3.13.2:4f8bb39, Feb  4 2025, 15:23:48) [MSC v.1942 64 bit (AMD64)]",
    "platform": "win32"
  },
  "training_times": {},
  "inference_times": {
    "data_loading": {
      "mean_time": 0.04002292156219482,
      "std_time": 0.006168767688060163,
      "min_time": 0.03693389892578125,
      "max_time": 0.05843400955200195
    },
    "hog_extraction": {
      "time": 0.0361485481262207,
      "memory_gb": 0.000476837158203125,
      "num_patches": 34,
      "feature_dim": 324
    },
    "graph_construction": {
      "time": 0.011616706848144531,
      "memory_gb": 0.00092315673828125,
      "num_nodes": 34,
      "num_edges": 272
    },
    "gnn_inference": {
      "time": 0.022938966751098633,
      "memory_gb": 0.00400543212890625,
      "embedding_size": 64
    },
    "xgboost_dr": {
      "time": 0.004151105880737305,
      "memory_gb": 0.00025177001953125
    },
    "xgboost_dme": {
      "time": 0.0012073516845703125,
      "memory_gb": 3.814697265625e-06
    },
    "end_to_end": {
      "mean_time": 0.12727046012878418,
      "std_time": 0.013354049040351212,
      "min_time": 0.11708283424377441,
      "max_time": 0.14613580703735352,
      "throughput_images_per_second": 7.857282821073376
    }
  },
  "memory_usage": {},
  "model_sizes": {
    "model_metadata.pkl": 0.001026153564453125,
    "xgb_dme_model.pkl": 0.16628360748291016,
    "xgb_dr_model.pkl": 0.26932525634765625,
    "total_mb": 0.43663501739501953
  },
  "throughput": {},
  "summary": {
    "total_pipeline_time": 0.1160856008529663,
    "theoretical_throughput": 8.614332808309252,
    "timestamp": "2025-09-12T19:56:33.081108",
    "total_memory_peak_gb": 0.00400543212890625
  }
}