{
  "system_info": {
    "cpu_count": 6,
    "cpu_count_logical": 12,
    "cpu_freq": 3301.0,
    "total_memory_gb": 7.405792236328125,
    "available_memory_gb": 0.7014274597167969,
    "python_version": "3.13.2 (tags/v3.13.2:4f8bb39, Feb  4 2025, 15:23:48) [MSC v.1942 64 bit (AMD64)]",
    "platform": "win32"
  },
  "training_times": {},
  "inference_times": {
    "data_loading": {
      "mean_time": 0.08680469989776611,
      "std_time": 0.022518113496291268,
      "min_time": 0.07295513153076172,
      "max_time": 0.1534562110900879
    },
    "hog_extraction": {
      "time": 0.08674740791320801,
      "memory_gb": 0.00057220458984375,
      "num_patches": 34,
      "feature_dim": 324
    },
    "graph_construction": {
      "time": 0.04433131217956543,
      "memory_gb": 0.00092315673828125,
      "num_nodes": 34,
      "num_edges": 272
    },
    "gnn_inference": {
      "time": 0.06475520133972168,
      "memory_gb": 0.00377655029296875,
      "embedding_size": 64
    },
    "xgboost_dr": {
      "time": 0.006934642791748047,
      "memory_gb": 0.000247955322265625
    },
    "xgboost_dme": {
      "time": 0.002322673797607422,
      "memory_gb": 3.814697265625e-06
    },
    "end_to_end": {
      "mean_time": 0.21304853757222494,
      "std_time": 0.005794351026671865,
      "min_time": 0.20770812034606934,
      "max_time": 0.2211012840270996,
      "throughput_images_per_second": 4.693766084458538
    }
  },
  "memory_usage": {},
  "model_sizes": {
    "model_metadata.pkl": 0.001026153564453125,
    "xgb_dme_model.pkl": 0.16628360748291016,
    "xgb_dr_model.pkl": 0.26932525634765625,
    "total_mb": 0.43663501739501953
  },
  "throughput": {},
  "summary": {
    "total_pipeline_time": 0.2918959379196167,
    "theoretical_throughput": 3.425878438484414,
    "timestamp": "2025-09-11T12:21:36.093836",
    "total_memory_peak_gb": 0.00377655029296875
  }
}